{"./files/shakespeare/cleopatra.txt": {"encoded (bits)": 866881, "L": 65535, "decode": 4.1464619636535645, "source (bits)": 1342080, "W": 65535, "encode": 38.981985092163086}, "./files/shakespeare/comedy_errors.txt": {"encoded (bits)": 485461, "L": 65535, "decode": 2.355510950088501, "source (bits)": 765336, "W": 65535, "encode": 19.189302921295166}, "./files/shakespeare/cymbeline.txt": {"encoded (bits)": 947433, "L": 65535, "decode": 4.546798944473267, "source (bits)": 1400952, "W": 65535, "encode": 42.29037117958069}, "./files/shakespeare/allswell.txt": {"encoded (bits)": 767351, "L": 65535, "decode": 3.677682876586914, "source (bits)": 1151752, "W": 65535, "encode": 32.944894790649414}, "./files/shakespeare/asyoulikeit.txt": {"encoded (bits)": 703742, "L": 65535, "decode": 3.3851561546325684, "source (bits)": 1065568, "W": 65535, "encode": 30.162385940551758}}