{"./files/fhir/Abernathy146_Salvatore887_57.json": {"encoded (bits)": 72104, "L": 63, "decode": 0.5172319412231445, "source (bits)": 149912, "W": 255, "encode": 0.5487339496612549}, "./files/fhir/Abernathy146_Emelina924_49.json": {"encoded (bits)": 985391, "L": 63, "decode": 7.4229350090026855, "source (bits)": 2066856, "W": 255, "encode": 7.693356990814209}, "./files/fhir/Abernathy146_Phyliss86_67.json": {"encoded (bits)": 578254, "L": 63, "decode": 4.20934796333313, "source (bits)": 1216408, "W": 255, "encode": 4.429411888122559}, "./files/fhir/Abernathy146_Tuyet290_28.json": {"encoded (bits)": 913056, "L": 63, "decode": 6.77958607673645, "source (bits)": 1951032, "W": 255, "encode": 7.0509419441223145}, "./files/fhir/Abbott701_Veronika555_74.json": {"encoded (bits)": 1646559, "L": 63, "decode": 15.462536096572876, "source (bits)": 3435600, "W": 255, "encode": 13.905310153961182}, "./files/fhir/Abbott701_Victor476_24.json": {"encoded (bits)": 941079, "L": 63, "decode": 6.853646993637085, "source (bits)": 2006008, "W": 255, "encode": 7.219028949737549}, "./files/fhir/Abshire734_Alfred968_16.json": {"encoded (bits)": 742766, "L": 63, "decode": 5.545171022415161, "source (bits)": 1582744, "W": 255, "encode": 6.715424060821533}, "./files/fhir/Abshire734_Jeane242_58.json": {"encoded (bits)": 201587, "L": 63, "decode": 1.8418161869049072, "source (bits)": 426416, "W": 255, "encode": 1.5567941665649414}, "./files/fhir/Abernathy146_Oswaldo977_60.json": {"encoded (bits)": 1635736, "L": 63, "decode": 19.03230619430542, "source (bits)": 3408088, "W": 255, "encode": 13.639521837234497}, "./files/fhir/Abbott701_Norman373_77.json": {"encoded (bits)": 189138, "L": 63, "decode": 1.4371109008789062, "source (bits)": 407184, "W": 255, "encode": 1.4710190296173096}}