{"./files/shakespeare/cleopatra.txt": {"encoded (bits)": 1026012, "L": 63, "decode": 7.978646993637085, "source (bits)": 1342080, "W": 255, "encode": 7.158421993255615}, "./files/shakespeare/comedy_errors.txt": {"encoded (bits)": 557534, "L": 63, "decode": 4.2480080127716064, "source (bits)": 765336, "W": 255, "encode": 3.7261099815368652}, "./files/shakespeare/cymbeline.txt": {"encoded (bits)": 1093690, "L": 63, "decode": 8.465966939926147, "source (bits)": 1400952, "W": 255, "encode": 7.2936789989471436}, "./files/shakespeare/allswell.txt": {"encoded (bits)": 876524, "L": 63, "decode": 6.742859125137329, "source (bits)": 1151752, "W": 255, "encode": 5.828061103820801}, "./files/shakespeare/asyoulikeit.txt": {"encoded (bits)": 791453, "L": 63, "decode": 6.233022928237915, "source (bits)": 1065568, "W": 255, "encode": 5.683559894561768}}