{"./files/pngs/lena.png": {"encoded (bits)": 3858174, "L": 255, "decode": 19.20175004005432, "source (bits)": 3440176, "W": 65535, "encode": 408.6406831741333}}