{"./files/fhir/Abernathy146_Salvatore887_57.json": {"encoded (bits)": 34695, "L": 63, "decode": 0.22161197662353516, "source (bits)": 149912, "W": 65535, "encode": 0.7781219482421875}, "./files/fhir/Abernathy146_Emelina924_49.json": {"encoded (bits)": 228625, "L": 63, "decode": 1.6564688682556152, "source (bits)": 2066856, "W": 65535, "encode": 27.551860094070435}, "./files/fhir/Abernathy146_Phyliss86_67.json": {"encoded (bits)": 151399, "L": 63, "decode": 1.0615029335021973, "source (bits)": 1216408, "W": 65535, "encode": 21.238187074661255}, "./files/fhir/Abernathy146_Tuyet290_28.json": {"encoded (bits)": 209924, "L": 63, "decode": 1.5159499645233154, "source (bits)": 1951032, "W": 65535, "encode": 23.54296588897705}, "./files/fhir/Abbott701_Veronika555_74.json": {"encoded (bits)": 362454, "L": 63, "decode": 2.6423959732055664, "source (bits)": 3435600, "W": 65535, "encode": 46.755450963974}, "./files/fhir/Abbott701_Victor476_24.json": {"encoded (bits)": 212825, "L": 63, "decode": 1.5589501857757568, "source (bits)": 2006008, "W": 65535, "encode": 23.97031807899475}, "./files/fhir/Abshire734_Alfred968_16.json": {"encoded (bits)": 169310, "L": 63, "decode": 1.2229740619659424, "source (bits)": 1582744, "W": 65535, "encode": 18.62764620780945}, "./files/fhir/Abshire734_Jeane242_58.json": {"encoded (bits)": 65008, "L": 63, "decode": 0.43868207931518555, "source (bits)": 426416, "W": 65535, "encode": 3.7728450298309326}, "./files/fhir/Abernathy146_Oswaldo977_60.json": {"encoded (bits)": 353643, "L": 63, "decode": 2.5665199756622314, "source (bits)": 3408088, "W": 65535, "encode": 45.371147871017456}, "./files/fhir/Abbott701_Norman373_77.json": {"encoded (bits)": 61837, "L": 63, "decode": 0.4186978340148926, "source (bits)": 407184, "W": 65535, "encode": 3.2528529167175293}}