{"./files/shakespeare/cleopatra.txt": {"encoded (bits)": 839772, "L": 255, "decode": 4.763512134552002, "source (bits)": 1342080, "W": 4095, "encode": 7.001989126205444}, "./files/shakespeare/comedy_errors.txt": {"encoded (bits)": 452944, "L": 255, "decode": 2.587264060974121, "source (bits)": 765336, "W": 4095, "encode": 3.782508134841919}, "./files/shakespeare/cymbeline.txt": {"encoded (bits)": 912832, "L": 255, "decode": 5.2514870166778564, "source (bits)": 1400952, "W": 4095, "encode": 7.465484857559204}, "./files/shakespeare/allswell.txt": {"encoded (bits)": 732601, "L": 255, "decode": 4.224277973175049, "source (bits)": 1151752, "W": 4095, "encode": 6.086019039154053}, "./files/shakespeare/asyoulikeit.txt": {"encoded (bits)": 666355, "L": 255, "decode": 3.8010029792785645, "source (bits)": 1065568, "W": 4095, "encode": 5.613877058029175}}