{"./files/fhir/Abernathy146_Salvatore887_57.json": {"encoded (bits)": 38015, "L": 65535, "decode": 0.18118596076965332, "source (bits)": 149912, "W": 65535, "encode": 0.8595840930938721}, "./files/fhir/Abernathy146_Emelina924_49.json": {"encoded (bits)": 172830, "L": 65535, "decode": 1.0174331665039062, "source (bits)": 2066856, "W": 65535, "encode": 50.4353129863739}, "./files/fhir/Abernathy146_Phyliss86_67.json": {"encoded (bits)": 124213, "L": 65535, "decode": 0.7640190124511719, "source (bits)": 1216408, "W": 65535, "encode": 36.80510497093201}, "./files/fhir/Abernathy146_Tuyet290_28.json": {"encoded (bits)": 155995, "L": 65535, "decode": 0.9001939296722412, "source (bits)": 1951032, "W": 65535, "encode": 51.52926802635193}, "./files/fhir/Abbott701_Veronika555_74.json": {"encoded (bits)": 259428, "L": 65535, "decode": 1.5315468311309814, "source (bits)": 3435600, "W": 65535, "encode": 71.71781086921692}, "./files/fhir/Abbott701_Victor476_24.json": {"encoded (bits)": 155355, "L": 65535, "decode": 0.912592887878418, "source (bits)": 2006008, "W": 65535, "encode": 46.39303398132324}, "./files/fhir/Abshire734_Alfred968_16.json": {"encoded (bits)": 121905, "L": 65535, "decode": 0.724200963973999, "source (bits)": 1582744, "W": 65535, "encode": 35.46509003639221}, "./files/fhir/Abshire734_Jeane242_58.json": {"encoded (bits)": 59661, "L": 65535, "decode": 0.3073718547821045, "source (bits)": 426416, "W": 65535, "encode": 8.86312198638916}, "./files/fhir/Abernathy146_Oswaldo977_60.json": {"encoded (bits)": 247310, "L": 65535, "decode": 1.4864180088043213, "source (bits)": 3408088, "W": 65535, "encode": 77.95983910560608}, "./files/fhir/Abbott701_Norman373_77.json": {"encoded (bits)": 56752, "L": 65535, "decode": 0.2923929691314697, "source (bits)": 407184, "W": 65535, "encode": 8.036642074584961}}