{"./files/numbers/pi.txt": {"encoded (bits)": 692786, "L": 4095, "decode": 3.545233964920044, "source (bits)": 800008, "W": 65535, "encode": 20.60441517829895}}