{"./files/numbers/pi.txt": {"encoded (bits)": 753771, "L": 4095, "decode": 4.353536128997803, "source (bits)": 800008, "W": 4095, "encode": 5.519899129867554}}