{"./files/shakespeare/cleopatra.txt": {"encoded (bits)": 681154, "L": 63, "decode": 4.201452016830444, "source (bits)": 1342080, "W": 65535, "encode": 31.426833152770996}, "./files/shakespeare/comedy_errors.txt": {"encoded (bits)": 383320, "L": 63, "decode": 2.3726329803466797, "source (bits)": 765336, "W": 65535, "encode": 15.457783937454224}, "./files/shakespeare/cymbeline.txt": {"encoded (bits)": 742535, "L": 63, "decode": 4.587852954864502, "source (bits)": 1400952, "W": 65535, "encode": 33.63752198219299}, "./files/shakespeare/allswell.txt": {"encoded (bits)": 601303, "L": 63, "decode": 3.7093470096588135, "source (bits)": 1151752, "W": 65535, "encode": 26.522202014923096}, "./files/shakespeare/asyoulikeit.txt": {"encoded (bits)": 553857, "L": 63, "decode": 3.412860155105591, "source (bits)": 1065568, "W": 65535, "encode": 24.799083948135376}}