{"./files/numbers/pi.txt": {"encoded (bits)": 767462, "L": 255, "decode": 6.033452987670898, "source (bits)": 800008, "W": 255, "encode": 4.60679817199707}}