{"./files/fhir/Abernathy146_Salvatore887_57.json": {"encoded (bits)": 33666, "L": 255, "decode": 0.18843817710876465, "source (bits)": 149912, "W": 65535, "encode": 0.7506310939788818}, "./files/fhir/Abernathy146_Emelina924_49.json": {"encoded (bits)": 165171, "L": 255, "decode": 1.072883129119873, "source (bits)": 2066856, "W": 65535, "encode": 29.916627883911133}, "./files/fhir/Abernathy146_Phyliss86_67.json": {"encoded (bits)": 116946, "L": 255, "decode": 0.7438981533050537, "source (bits)": 1216408, "W": 65535, "encode": 22.131330013275146}, "./files/fhir/Abernathy146_Tuyet290_28.json": {"encoded (bits)": 150003, "L": 255, "decode": 0.9966161251068115, "source (bits)": 1951032, "W": 65535, "encode": 27.740063905715942}, "./files/fhir/Abbott701_Veronika555_74.json": {"encoded (bits)": 249591, "L": 255, "decode": 1.669605016708374, "source (bits)": 3435600, "W": 65535, "encode": 50.22192907333374}, "./files/fhir/Abbott701_Victor476_24.json": {"encoded (bits)": 149235, "L": 255, "decode": 1.0150887966156006, "source (bits)": 2006008, "W": 65535, "encode": 28.361876010894775}, "./files/fhir/Abshire734_Alfred968_16.json": {"encoded (bits)": 118146, "L": 255, "decode": 0.7969248294830322, "source (bits)": 1582744, "W": 65535, "encode": 21.053380012512207}, "./files/fhir/Abshire734_Jeane242_58.json": {"encoded (bits)": 55020, "L": 255, "decode": 0.3347201347351074, "source (bits)": 426416, "W": 65535, "encode": 4.076323986053467}, "./files/fhir/Abernathy146_Oswaldo977_60.json": {"encoded (bits)": 239307, "L": 255, "decode": 1.6227269172668457, "source (bits)": 3408088, "W": 65535, "encode": 50.20271396636963}, "./files/fhir/Abbott701_Norman373_77.json": {"encoded (bits)": 52170, "L": 255, "decode": 0.31194615364074707, "source (bits)": 407184, "W": 65535, "encode": 3.4428651332855225}}