{"./files/numbers/pi.txt": {"encoded (bits)": 589742, "L": 63, "decode": 3.170914888381958, "source (bits)": 800008, "W": 65535, "encode": 17.51921796798706}}