{"./files/shakespeare/cleopatra.txt": {"encoded (bits)": 1092084, "L": 255, "decode": 8.166836023330688, "source (bits)": 1342080, "W": 255, "encode": 7.05711817741394}, "./files/shakespeare/comedy_errors.txt": {"encoded (bits)": 594514, "L": 255, "decode": 4.26183009147644, "source (bits)": 765336, "W": 255, "encode": 3.9357380867004395}, "./files/shakespeare/cymbeline.txt": {"encoded (bits)": 1166234, "L": 255, "decode": 8.449735879898071, "source (bits)": 1400952, "W": 255, "encode": 7.407356023788452}, "./files/shakespeare/allswell.txt": {"encoded (bits)": 935847, "L": 255, "decode": 6.667348146438599, "source (bits)": 1151752, "W": 255, "encode": 5.776217937469482}, "./files/shakespeare/asyoulikeit.txt": {"encoded (bits)": 844799, "L": 255, "decode": 6.141204118728638, "source (bits)": 1065568, "W": 255, "encode": 5.413870811462402}}