{"./files/shakespeare/cleopatra.txt": {"encoded (bits)": 939528, "L": 4095, "decode": 5.403227806091309, "source (bits)": 1342080, "W": 4095, "encode": 8.554444074630737}, "./files/shakespeare/comedy_errors.txt": {"encoded (bits)": 507324, "L": 4095, "decode": 2.928637981414795, "source (bits)": 765336, "W": 4095, "encode": 4.5763959884643555}, "./files/shakespeare/cymbeline.txt": {"encoded (bits)": 1022304, "L": 4095, "decode": 5.824650049209595, "source (bits)": 1400952, "W": 4095, "encode": 9.078354835510254}, "./files/shakespeare/allswell.txt": {"encoded (bits)": 821145, "L": 4095, "decode": 4.7130608558654785, "source (bits)": 1151752, "W": 4095, "encode": 7.306464910507202}, "./files/shakespeare/asyoulikeit.txt": {"encoded (bits)": 746679, "L": 4095, "decode": 4.275861978530884, "source (bits)": 1065568, "W": 4095, "encode": 6.741106033325195}}