{"./files/numbers/pi.txt": {"encoded (bits)": 763642, "L": 65535, "decode": 3.5595030784606934, "source (bits)": 800008, "W": 65535, "encode": 23.876535177230835}}