{"./files/pngs/lena.png": {"encoded (bits)": 3864494, "L": 255, "decode": 22.495501041412354, "source (bits)": 3440176, "W": 255, "encode": 23.05374002456665}}