{"./files/numbers/pi.txt": {"encoded (bits)": 663355, "L": 255, "decode": 3.761561155319214, "source (bits)": 800008, "W": 4095, "encode": 4.6126580238342285}}