{"./files/fhir/Abernathy146_Salvatore887_57.json": {"encoded (bits)": 36549, "L": 4095, "decode": 0.22582602500915527, "source (bits)": 149912, "W": 4095, "encode": 0.5538599491119385}, "./files/fhir/Abernathy146_Emelina924_49.json": {"encoded (bits)": 324927, "L": 4095, "decode": 2.0770139694213867, "source (bits)": 2066856, "W": 4095, "encode": 6.845571041107178}, "./files/fhir/Abernathy146_Phyliss86_67.json": {"encoded (bits)": 197940, "L": 4095, "decode": 1.265557050704956, "source (bits)": 1216408, "W": 4095, "encode": 4.150700092315674}, "./files/fhir/Abernathy146_Tuyet290_28.json": {"encoded (bits)": 351711, "L": 4095, "decode": 2.204371213912964, "source (bits)": 1951032, "W": 4095, "encode": 6.4264280796051025}, "./files/fhir/Abbott701_Veronika555_74.json": {"encoded (bits)": 525708, "L": 4095, "decode": 3.398268938064575, "source (bits)": 3435600, "W": 4095, "encode": 11.476173877716064}, "./files/fhir/Abbott701_Victor476_24.json": {"encoded (bits)": 357774, "L": 4095, "decode": 2.2434120178222656, "source (bits)": 2006008, "W": 4095, "encode": 6.751164197921753}, "./files/fhir/Abshire734_Alfred968_16.json": {"encoded (bits)": 284247, "L": 4095, "decode": 1.8853530883789062, "source (bits)": 1582744, "W": 4095, "encode": 5.547869920730591}, "./files/fhir/Abshire734_Jeane242_58.json": {"encoded (bits)": 87150, "L": 4095, "decode": 0.552731990814209, "source (bits)": 426416, "W": 4095, "encode": 1.6790878772735596}, "./files/fhir/Abernathy146_Oswaldo977_60.json": {"encoded (bits)": 508221, "L": 4095, "decode": 3.2788338661193848, "source (bits)": 3408088, "W": 4095, "encode": 11.289475917816162}, "./files/fhir/Abbott701_Norman373_77.json": {"encoded (bits)": 91065, "L": 4095, "decode": 0.5624608993530273, "source (bits)": 407184, "W": 4095, "encode": 1.491745948791504}}