{"./files/shakespeare/cleopatra.txt": {"encoded (bits)": 789005, "L": 4095, "decode": 4.15659499168396, "source (bits)": 1342080, "W": 65535, "encode": 34.215938091278076}, "./files/shakespeare/comedy_errors.txt": {"encoded (bits)": 442757, "L": 4095, "decode": 2.3468940258026123, "source (bits)": 765336, "W": 65535, "encode": 16.963117837905884}, "./files/shakespeare/cymbeline.txt": {"encoded (bits)": 861837, "L": 4095, "decode": 4.572084188461304, "source (bits)": 1400952, "W": 65535, "encode": 37.32761812210083}, "./files/shakespeare/allswell.txt": {"encoded (bits)": 698287, "L": 4095, "decode": 3.6739249229431152, "source (bits)": 1151752, "W": 65535, "encode": 28.79042911529541}, "./files/shakespeare/asyoulikeit.txt": {"encoded (bits)": 640558, "L": 4095, "decode": 3.377051830291748, "source (bits)": 1065568, "W": 65535, "encode": 26.8242449760437}}