{"./files/numbers/pi.txt": {"encoded (bits)": 707950, "L": 63, "decode": 5.764209032058716, "source (bits)": 800008, "W": 255, "encode": 4.496963024139404}}