{"./files/fhir/Abernathy146_Salvatore887_57.json": {"encoded (bits)": 75396, "L": 255, "decode": 0.5204830169677734, "source (bits)": 149912, "W": 255, "encode": 0.5182609558105469}, "./files/fhir/Abernathy146_Emelina924_49.json": {"encoded (bits)": 1032720, "L": 255, "decode": 7.4088170528411865, "source (bits)": 2066856, "W": 255, "encode": 7.399471044540405}, "./files/fhir/Abernathy146_Phyliss86_67.json": {"encoded (bits)": 605967, "L": 255, "decode": 4.2675158977508545, "source (bits)": 1216408, "W": 255, "encode": 4.438186883926392}, "./files/fhir/Abernathy146_Tuyet290_28.json": {"encoded (bits)": 956859, "L": 255, "decode": 7.000827074050903, "source (bits)": 1951032, "W": 255, "encode": 7.024554014205933}, "./files/fhir/Abbott701_Veronika555_74.json": {"encoded (bits)": 1723097, "L": 255, "decode": 12.082014799118042, "source (bits)": 3435600, "W": 255, "encode": 12.19884705543518}, "./files/fhir/Abbott701_Victor476_24.json": {"encoded (bits)": 985689, "L": 255, "decode": 6.796872854232788, "source (bits)": 2006008, "W": 255, "encode": 6.9058990478515625}, "./files/fhir/Abshire734_Alfred968_16.json": {"encoded (bits)": 777045, "L": 255, "decode": 5.604537010192871, "source (bits)": 1582744, "W": 255, "encode": 5.826940059661865}, "./files/fhir/Abshire734_Jeane242_58.json": {"encoded (bits)": 211396, "L": 255, "decode": 1.4548521041870117, "source (bits)": 426416, "W": 255, "encode": 1.5904169082641602}, "./files/fhir/Abernathy146_Oswaldo977_60.json": {"encoded (bits)": 1713031, "L": 255, "decode": 12.085762023925781, "source (bits)": 3408088, "W": 255, "encode": 11.910605907440186}, "./files/fhir/Abbott701_Norman373_77.json": {"encoded (bits)": 197815, "L": 255, "decode": 1.3708679676055908, "source (bits)": 407184, "W": 255, "encode": 1.5318992137908936}}