{"./files/shakespeare/cleopatra.txt": {"encoded (bits)": 723825, "L": 255, "decode": 4.196219205856323, "source (bits)": 1342080, "W": 65535, "encode": 31.10333490371704}, "./files/shakespeare/comedy_errors.txt": {"encoded (bits)": 407112, "L": 255, "decode": 2.3337230682373047, "source (bits)": 765336, "W": 65535, "encode": 15.306254863739014}, "./files/shakespeare/cymbeline.txt": {"encoded (bits)": 789249, "L": 255, "decode": 4.551039934158325, "source (bits)": 1400952, "W": 65535, "encode": 33.777796030044556}, "./files/shakespeare/allswell.txt": {"encoded (bits)": 638949, "L": 255, "decode": 3.6836400032043457, "source (bits)": 1151752, "W": 65535, "encode": 26.381060123443604}, "./files/shakespeare/asyoulikeit.txt": {"encoded (bits)": 588384, "L": 255, "decode": 3.4163780212402344, "source (bits)": 1065568, "W": 65535, "encode": 24.72407603263855}}