{"./files/numbers/pi.txt": {"encoded (bits)": 627510, "L": 255, "decode": 3.579890012741089, "source (bits)": 800008, "W": 65535, "encode": 19.838459968566895}}