{"./files/fhir/Abernathy146_Salvatore887_57.json": {"encoded (bits)": 33976, "L": 255, "decode": 0.2002699375152588, "source (bits)": 149912, "W": 4095, "encode": 0.47194886207580566}, "./files/fhir/Abernathy146_Emelina924_49.json": {"encoded (bits)": 304804, "L": 255, "decode": 1.8802688121795654, "source (bits)": 2066856, "W": 4095, "encode": 5.49393105506897}, "./files/fhir/Abernathy146_Phyliss86_67.json": {"encoded (bits)": 186297, "L": 255, "decode": 1.1408920288085938, "source (bits)": 1216408, "W": 4095, "encode": 3.3512799739837646}, "./files/fhir/Abernathy146_Tuyet290_28.json": {"encoded (bits)": 322148, "L": 255, "decode": 1.9770328998565674, "source (bits)": 1951032, "W": 4095, "encode": 5.3323352336883545}, "./files/fhir/Abbott701_Veronika555_74.json": {"encoded (bits)": 495956, "L": 255, "decode": 3.0716381072998047, "source (bits)": 3435600, "W": 4095, "encode": 9.251734018325806}, "./files/fhir/Abbott701_Victor476_24.json": {"encoded (bits)": 328575, "L": 255, "decode": 2.008690118789673, "source (bits)": 2006008, "W": 4095, "encode": 5.624892950057983}, "./files/fhir/Abshire734_Alfred968_16.json": {"encoded (bits)": 262384, "L": 255, "decode": 1.5995240211486816, "source (bits)": 1582744, "W": 4095, "encode": 4.521608829498291}, "./files/fhir/Abshire734_Jeane242_58.json": {"encoded (bits)": 80972, "L": 255, "decode": 0.4869961738586426, "source (bits)": 426416, "W": 4095, "encode": 1.2694389820098877}, "./files/fhir/Abernathy146_Oswaldo977_60.json": {"encoded (bits)": 480476, "L": 255, "decode": 2.9864089488983154, "source (bits)": 3408088, "W": 4095, "encode": 9.025682926177979}, "./files/fhir/Abbott701_Norman373_77.json": {"encoded (bits)": 84050, "L": 255, "decode": 0.49753499031066895, "source (bits)": 407184, "W": 4095, "encode": 1.2422289848327637}}