{"./files/fhir/Abernathy146_Salvatore887_57.json": {"encoded (bits)": 35755, "L": 4095, "decode": 0.20911598205566406, "source (bits)": 149912, "W": 65535, "encode": 0.903695821762085}, "./files/fhir/Abernathy146_Emelina924_49.json": {"encoded (bits)": 162366, "L": 4095, "decode": 1.121764898300171, "source (bits)": 2066856, "W": 65535, "encode": 53.696818828582764}, "./files/fhir/Abernathy146_Phyliss86_67.json": {"encoded (bits)": 116837, "L": 4095, "decode": 0.6981890201568604, "source (bits)": 1216408, "W": 65535, "encode": 36.069173097610474}, "./files/fhir/Abernathy146_Tuyet290_28.json": {"encoded (bits)": 146291, "L": 4095, "decode": 1.0248019695281982, "source (bits)": 1951032, "W": 65535, "encode": 54.94192600250244}, "./files/fhir/Abbott701_Veronika555_74.json": {"encoded (bits)": 243996, "L": 4095, "decode": 1.7381319999694824, "source (bits)": 3435600, "W": 65535, "encode": 77.5825560092926}, "./files/fhir/Abbott701_Victor476_24.json": {"encoded (bits)": 145803, "L": 4095, "decode": 1.0276241302490234, "source (bits)": 2006008, "W": 65535, "encode": 49.68133902549744}, "./files/fhir/Abshire734_Alfred968_16.json": {"encoded (bits)": 114561, "L": 4095, "decode": 0.8102719783782959, "source (bits)": 1582744, "W": 65535, "encode": 38.26951217651367}, "./files/fhir/Abshire734_Jeane242_58.json": {"encoded (bits)": 56097, "L": 4095, "decode": 0.34909796714782715, "source (bits)": 426416, "W": 65535, "encode": 9.535632133483887}, "./files/fhir/Abernathy146_Oswaldo977_60.json": {"encoded (bits)": 232558, "L": 4095, "decode": 1.6686069965362549, "source (bits)": 3408088, "W": 65535, "encode": 84.09111404418945}, "./files/fhir/Abbott701_Norman373_77.json": {"encoded (bits)": 53420, "L": 4095, "decode": 0.3352971076965332, "source (bits)": 407184, "W": 65535, "encode": 8.469115018844604}}