{"./files/fhir/Abernathy146_Salvatore887_57.json": {"encoded (bits)": 35755, "L": 4095, "decode": 0.2085399627685547, "source (bits)": 149912, "W": 65535, "encode": 0.9846329689025879}, "./files/fhir/Abernathy146_Emelina924_49.json": {"encoded (bits)": 162366, "L": 4095, "decode": 1.1131501197814941, "source (bits)": 2066856, "W": 65535, "encode": 54.64371204376221}, "./files/fhir/Abernathy146_Phyliss86_67.json": {"encoded (bits)": 116837, "L": 4095, "decode": 0.7662680149078369, "source (bits)": 1216408, "W": 65535, "encode": 37.80943417549133}, "./files/fhir/Abernathy146_Tuyet290_28.json": {"encoded (bits)": 146291, "L": 4095, "decode": 1.0117011070251465, "source (bits)": 1951032, "W": 65535, "encode": 55.42487096786499}, "./files/fhir/Abbott701_Veronika555_74.json": {"encoded (bits)": 243996, "L": 4095, "decode": 1.7358438968658447, "source (bits)": 3435600, "W": 65535, "encode": 72.73011779785156}, "./files/fhir/Abbott701_Victor476_24.json": {"encoded (bits)": 145803, "L": 4095, "decode": 0.9183089733123779, "source (bits)": 2006008, "W": 65535, "encode": 47.26674294471741}, "./files/fhir/Abshire734_Alfred968_16.json": {"encoded (bits)": 114561, "L": 4095, "decode": 0.7249789237976074, "source (bits)": 1582744, "W": 65535, "encode": 34.543068170547485}, "./files/fhir/Abshire734_Jeane242_58.json": {"encoded (bits)": 56097, "L": 4095, "decode": 0.3488881587982178, "source (bits)": 426416, "W": 65535, "encode": 9.509812116622925}, "./files/fhir/Abernathy146_Oswaldo977_60.json": {"encoded (bits)": 232558, "L": 4095, "decode": 1.4969019889831543, "source (bits)": 3408088, "W": 65535, "encode": 75.69911003112793}, "./files/fhir/Abbott701_Norman373_77.json": {"encoded (bits)": 53420, "L": 4095, "decode": 0.3036019802093506, "source (bits)": 407184, "W": 65535, "encode": 7.728480100631714}}