{"./files/fhir/Abernathy146_Salvatore887_57.json": {"encoded (bits)": 36549, "L": 4095, "decode": 0.22283506393432617, "source (bits)": 149912, "W": 4095, "encode": 0.6343598365783691}, "./files/fhir/Abernathy146_Emelina924_49.json": {"encoded (bits)": 324927, "L": 4095, "decode": 2.0807931423187256, "source (bits)": 2066856, "W": 4095, "encode": 6.778314113616943}, "./files/fhir/Abernathy146_Phyliss86_67.json": {"encoded (bits)": 197940, "L": 4095, "decode": 1.2732419967651367, "source (bits)": 1216408, "W": 4095, "encode": 4.159508943557739}, "./files/fhir/Abernathy146_Tuyet290_28.json": {"encoded (bits)": 351711, "L": 4095, "decode": 2.224303960800171, "source (bits)": 1951032, "W": 4095, "encode": 6.43353796005249}, "./files/fhir/Abbott701_Veronika555_74.json": {"encoded (bits)": 525708, "L": 4095, "decode": 3.3832499980926514, "source (bits)": 3435600, "W": 4095, "encode": 11.569329023361206}, "./files/fhir/Abbott701_Victor476_24.json": {"encoded (bits)": 357774, "L": 4095, "decode": 2.25990891456604, "source (bits)": 2006008, "W": 4095, "encode": 6.733684062957764}, "./files/fhir/Abshire734_Alfred968_16.json": {"encoded (bits)": 284247, "L": 4095, "decode": 1.7982699871063232, "source (bits)": 1582744, "W": 4095, "encode": 5.439110040664673}, "./files/fhir/Abshire734_Jeane242_58.json": {"encoded (bits)": 87150, "L": 4095, "decode": 0.5410170555114746, "source (bits)": 426416, "W": 4095, "encode": 1.6512770652770996}, "./files/fhir/Abernathy146_Oswaldo977_60.json": {"encoded (bits)": 508221, "L": 4095, "decode": 3.305216073989868, "source (bits)": 3408088, "W": 4095, "encode": 11.189549922943115}, "./files/fhir/Abbott701_Norman373_77.json": {"encoded (bits)": 91065, "L": 4095, "decode": 0.5605800151824951, "source (bits)": 407184, "W": 4095, "encode": 1.4794518947601318}}