{"./files/fhir/Abernathy146_Salvatore887_57.json": {"encoded (bits)": 72104, "L": 63, "decode": 0.5478980541229248, "source (bits)": 149912, "W": 255, "encode": 0.6043078899383545}, "./files/fhir/Abernathy146_Emelina924_49.json": {"encoded (bits)": 985391, "L": 63, "decode": 7.115873098373413, "source (bits)": 2066856, "W": 255, "encode": 7.451717853546143}, "./files/fhir/Abernathy146_Phyliss86_67.json": {"encoded (bits)": 578254, "L": 63, "decode": 4.211578130722046, "source (bits)": 1216408, "W": 255, "encode": 4.368878126144409}, "./files/fhir/Abernathy146_Tuyet290_28.json": {"encoded (bits)": 913056, "L": 63, "decode": 6.647233963012695, "source (bits)": 1951032, "W": 255, "encode": 6.937563896179199}, "./files/fhir/Abbott701_Veronika555_74.json": {"encoded (bits)": 1646559, "L": 63, "decode": 11.898277997970581, "source (bits)": 3435600, "W": 255, "encode": 12.528816938400269}, "./files/fhir/Abbott701_Victor476_24.json": {"encoded (bits)": 941079, "L": 63, "decode": 6.858754873275757, "source (bits)": 2006008, "W": 255, "encode": 7.209815979003906}, "./files/fhir/Abshire734_Alfred968_16.json": {"encoded (bits)": 742766, "L": 63, "decode": 5.370335102081299, "source (bits)": 1582744, "W": 255, "encode": 5.5983288288116455}, "./files/fhir/Abshire734_Jeane242_58.json": {"encoded (bits)": 201587, "L": 63, "decode": 1.4712731838226318, "source (bits)": 426416, "W": 255, "encode": 1.5340609550476074}, "./files/fhir/Abernathy146_Oswaldo977_60.json": {"encoded (bits)": 1635736, "L": 63, "decode": 11.837699890136719, "source (bits)": 3408088, "W": 255, "encode": 12.492408990859985}, "./files/fhir/Abbott701_Norman373_77.json": {"encoded (bits)": 189138, "L": 63, "decode": 1.3653240203857422, "source (bits)": 407184, "W": 255, "encode": 1.4417498111724854}}