{"./files/fhir/Abernathy146_Salvatore887_57.json": {"encoded (bits)": 38015, "L": 65535, "decode": 0.20351576805114746, "source (bits)": 149912, "W": 65535, "encode": 1.0263090133666992}, "./files/fhir/Abernathy146_Emelina924_49.json": {"encoded (bits)": 172830, "L": 65535, "decode": 0.9938600063323975, "source (bits)": 2066856, "W": 65535, "encode": 50.67523980140686}, "./files/fhir/Abernathy146_Phyliss86_67.json": {"encoded (bits)": 124213, "L": 65535, "decode": 0.6831490993499756, "source (bits)": 1216408, "W": 65535, "encode": 35.19559907913208}, "./files/fhir/Abernathy146_Tuyet290_28.json": {"encoded (bits)": 155995, "L": 65535, "decode": 0.8976421356201172, "source (bits)": 1951032, "W": 65535, "encode": 51.53510499000549}, "./files/fhir/Abbott701_Veronika555_74.json": {"encoded (bits)": 259428, "L": 65535, "decode": 1.699199914932251, "source (bits)": 3435600, "W": 65535, "encode": 80.03248405456543}, "./files/fhir/Abbott701_Victor476_24.json": {"encoded (bits)": 155355, "L": 65535, "decode": 1.016719102859497, "source (bits)": 2006008, "W": 65535, "encode": 51.40808582305908}, "./files/fhir/Abshire734_Alfred968_16.json": {"encoded (bits)": 121905, "L": 65535, "decode": 0.806312084197998, "source (bits)": 1582744, "W": 65535, "encode": 39.24466586112976}, "./files/fhir/Abshire734_Jeane242_58.json": {"encoded (bits)": 59661, "L": 65535, "decode": 0.30757689476013184, "source (bits)": 426416, "W": 65535, "encode": 9.05874514579773}, "./files/fhir/Abernathy146_Oswaldo977_60.json": {"encoded (bits)": 247310, "L": 65535, "decode": 1.6323668956756592, "source (bits)": 3408088, "W": 65535, "encode": 86.7116231918335}, "./files/fhir/Abbott701_Norman373_77.json": {"encoded (bits)": 56752, "L": 65535, "decode": 0.3341381549835205, "source (bits)": 407184, "W": 65535, "encode": 8.894658088684082}}