{"./files/shakespeare/cleopatra.txt": {"encoded (bits)": 681154, "L": 63, "decode": 4.200089931488037, "source (bits)": 1342080, "W": 65535, "encode": 31.46994113922119}, "./files/shakespeare/comedy_errors.txt": {"encoded (bits)": 383320, "L": 63, "decode": 2.372123956680298, "source (bits)": 765336, "W": 65535, "encode": 15.26672101020813}, "./files/shakespeare/cymbeline.txt": {"encoded (bits)": 742535, "L": 63, "decode": 4.589968919754028, "source (bits)": 1400952, "W": 65535, "encode": 33.54133105278015}, "./files/shakespeare/allswell.txt": {"encoded (bits)": 601303, "L": 63, "decode": 3.705840826034546, "source (bits)": 1151752, "W": 65535, "encode": 26.45648503303528}, "./files/shakespeare/asyoulikeit.txt": {"encoded (bits)": 553857, "L": 63, "decode": 3.4220449924468994, "source (bits)": 1065568, "W": 65535, "encode": 24.838279008865356}}