{"./files/shakespeare/cleopatra.txt": {"encoded (bits)": 939528, "L": 4095, "decode": 5.42424201965332, "source (bits)": 1342080, "W": 4095, "encode": 8.496052026748657}, "./files/shakespeare/comedy_errors.txt": {"encoded (bits)": 507324, "L": 4095, "decode": 2.9373841285705566, "source (bits)": 765336, "W": 4095, "encode": 4.563730001449585}, "./files/shakespeare/cymbeline.txt": {"encoded (bits)": 1022304, "L": 4095, "decode": 5.88854193687439, "source (bits)": 1400952, "W": 4095, "encode": 9.035102128982544}, "./files/shakespeare/allswell.txt": {"encoded (bits)": 821145, "L": 4095, "decode": 4.73837685585022, "source (bits)": 1151752, "W": 4095, "encode": 7.305585861206055}, "./files/shakespeare/asyoulikeit.txt": {"encoded (bits)": 746679, "L": 4095, "decode": 4.290343999862671, "source (bits)": 1065568, "W": 4095, "encode": 6.860615015029907}}