{"./files/fhir/Abernathy146_Salvatore887_57.json": {"encoded (bits)": 33666, "L": 255, "decode": 0.19284486770629883, "source (bits)": 149912, "W": 65535, "encode": 0.816072940826416}, "./files/fhir/Abernathy146_Emelina924_49.json": {"encoded (bits)": 165171, "L": 255, "decode": 1.0742368698120117, "source (bits)": 2066856, "W": 65535, "encode": 29.766555070877075}, "./files/fhir/Abernathy146_Phyliss86_67.json": {"encoded (bits)": 116946, "L": 255, "decode": 0.728532075881958, "source (bits)": 1216408, "W": 65535, "encode": 22.04667592048645}, "./files/fhir/Abernathy146_Tuyet290_28.json": {"encoded (bits)": 150003, "L": 255, "decode": 1.026331901550293, "source (bits)": 1951032, "W": 65535, "encode": 27.57522702217102}, "./files/fhir/Abbott701_Veronika555_74.json": {"encoded (bits)": 249591, "L": 255, "decode": 1.6684129238128662, "source (bits)": 3435600, "W": 65535, "encode": 49.85962510108948}, "./files/fhir/Abbott701_Victor476_24.json": {"encoded (bits)": 149235, "L": 255, "decode": 0.9893290996551514, "source (bits)": 2006008, "W": 65535, "encode": 27.726014137268066}, "./files/fhir/Abshire734_Alfred968_16.json": {"encoded (bits)": 118146, "L": 255, "decode": 0.7862210273742676, "source (bits)": 1582744, "W": 65535, "encode": 21.033576011657715}, "./files/fhir/Abshire734_Jeane242_58.json": {"encoded (bits)": 55020, "L": 255, "decode": 0.331787109375, "source (bits)": 426416, "W": 65535, "encode": 4.07697319984436}, "./files/fhir/Abernathy146_Oswaldo977_60.json": {"encoded (bits)": 239307, "L": 255, "decode": 1.602992057800293, "source (bits)": 3408088, "W": 65535, "encode": 50.229109048843384}, "./files/fhir/Abbott701_Norman373_77.json": {"encoded (bits)": 52170, "L": 255, "decode": 0.30745601654052734, "source (bits)": 407184, "W": 65535, "encode": 3.4402689933776855}}