{"./files/shakespeare/cleopatra.txt": {"encoded (bits)": 1026012, "L": 63, "decode": 7.92829704284668, "source (bits)": 1342080, "W": 255, "encode": 6.8581178188323975}, "./files/shakespeare/comedy_errors.txt": {"encoded (bits)": 557534, "L": 63, "decode": 4.502207040786743, "source (bits)": 765336, "W": 255, "encode": 3.8766660690307617}, "./files/shakespeare/cymbeline.txt": {"encoded (bits)": 1093690, "L": 63, "decode": 8.347154140472412, "source (bits)": 1400952, "W": 255, "encode": 7.164044141769409}, "./files/shakespeare/allswell.txt": {"encoded (bits)": 876524, "L": 63, "decode": 7.072918176651001, "source (bits)": 1151752, "W": 255, "encode": 6.0603859424591064}, "./files/shakespeare/asyoulikeit.txt": {"encoded (bits)": 791453, "L": 63, "decode": 6.116066932678223, "source (bits)": 1065568, "W": 255, "encode": 5.296465873718262}}