{"./files/fhir/Abernathy146_Salvatore887_57.json": {"encoded (bits)": 33976, "L": 255, "decode": 0.19852781295776367, "source (bits)": 149912, "W": 4095, "encode": 0.5455288887023926}, "./files/fhir/Abernathy146_Emelina924_49.json": {"encoded (bits)": 304804, "L": 255, "decode": 1.8848271369934082, "source (bits)": 2066856, "W": 4095, "encode": 5.442456007003784}, "./files/fhir/Abernathy146_Phyliss86_67.json": {"encoded (bits)": 186297, "L": 255, "decode": 1.1432178020477295, "source (bits)": 1216408, "W": 4095, "encode": 3.3570780754089355}, "./files/fhir/Abernathy146_Tuyet290_28.json": {"encoded (bits)": 322148, "L": 255, "decode": 1.969655990600586, "source (bits)": 1951032, "W": 4095, "encode": 5.364916086196899}, "./files/fhir/Abbott701_Veronika555_74.json": {"encoded (bits)": 495956, "L": 255, "decode": 3.073417901992798, "source (bits)": 3435600, "W": 4095, "encode": 9.216470003128052}, "./files/fhir/Abbott701_Victor476_24.json": {"encoded (bits)": 328575, "L": 255, "decode": 2.001538038253784, "source (bits)": 2006008, "W": 4095, "encode": 5.600689172744751}, "./files/fhir/Abshire734_Alfred968_16.json": {"encoded (bits)": 262384, "L": 255, "decode": 1.6061549186706543, "source (bits)": 1582744, "W": 4095, "encode": 4.495342969894409}, "./files/fhir/Abshire734_Jeane242_58.json": {"encoded (bits)": 80972, "L": 255, "decode": 0.4933159351348877, "source (bits)": 426416, "W": 4095, "encode": 1.2720098495483398}, "./files/fhir/Abernathy146_Oswaldo977_60.json": {"encoded (bits)": 480476, "L": 255, "decode": 2.976135015487671, "source (bits)": 3408088, "W": 4095, "encode": 9.03560209274292}, "./files/fhir/Abbott701_Norman373_77.json": {"encoded (bits)": 84050, "L": 255, "decode": 0.49732112884521484, "source (bits)": 407184, "W": 4095, "encode": 1.2476959228515625}}