{"./files/shakespeare/cleopatra.txt": {"encoded (bits)": 723825, "L": 255, "decode": 4.1821448802948, "source (bits)": 1342080, "W": 65535, "encode": 31.144943952560425}, "./files/shakespeare/comedy_errors.txt": {"encoded (bits)": 407112, "L": 255, "decode": 2.3387720584869385, "source (bits)": 765336, "W": 65535, "encode": 15.263836145401001}, "./files/shakespeare/cymbeline.txt": {"encoded (bits)": 789249, "L": 255, "decode": 4.591527938842773, "source (bits)": 1400952, "W": 65535, "encode": 30.26180601119995}, "./files/shakespeare/allswell.txt": {"encoded (bits)": 638949, "L": 255, "decode": 3.66867995262146, "source (bits)": 1151752, "W": 65535, "encode": 26.394427061080933}, "./files/shakespeare/asyoulikeit.txt": {"encoded (bits)": 588384, "L": 255, "decode": 3.0776169300079346, "source (bits)": 1065568, "W": 65535, "encode": 21.8302800655365}}