{"./files/shakespeare/cleopatra.txt": {"encoded (bits)": 839772, "L": 255, "decode": 4.806917190551758, "source (bits)": 1342080, "W": 4095, "encode": 7.00505805015564}, "./files/shakespeare/comedy_errors.txt": {"encoded (bits)": 452944, "L": 255, "decode": 2.587912082672119, "source (bits)": 765336, "W": 4095, "encode": 3.7718820571899414}, "./files/shakespeare/cymbeline.txt": {"encoded (bits)": 912832, "L": 255, "decode": 5.167515993118286, "source (bits)": 1400952, "W": 4095, "encode": 7.44779896736145}, "./files/shakespeare/allswell.txt": {"encoded (bits)": 732601, "L": 255, "decode": 4.1871421337127686, "source (bits)": 1151752, "W": 4095, "encode": 6.117871999740601}, "./files/shakespeare/asyoulikeit.txt": {"encoded (bits)": 666355, "L": 255, "decode": 3.853872776031494, "source (bits)": 1065568, "W": 4095, "encode": 5.663822889328003}}