{"./files/pngs/lena.png": {"encoded (bits)": 3858174, "L": 255, "decode": 22.43204402923584, "source (bits)": 3440176, "W": 65535, "encode": 435.4554350376129}}