{"./files/numbers/pi.txt": {"encoded (bits)": 663355, "L": 255, "decode": 3.754054069519043, "source (bits)": 800008, "W": 4095, "encode": 4.679987907409668}}