{"./files/numbers/pi.txt": {"encoded (bits)": 767462, "L": 255, "decode": 5.889410972595215, "source (bits)": 800008, "W": 255, "encode": 4.680876970291138}}