{"./files/pngs/lena.png": {"encoded (bits)": 3864494, "L": 255, "decode": 22.471158027648926, "source (bits)": 3440176, "W": 255, "encode": 23.405636072158813}}