{"./files/shakespeare/cleopatra.txt": {"encoded (bits)": 1092084, "L": 255, "decode": 7.848902940750122, "source (bits)": 1342080, "W": 255, "encode": 6.8487842082977295}, "./files/shakespeare/comedy_errors.txt": {"encoded (bits)": 594514, "L": 255, "decode": 4.368265151977539, "source (bits)": 765336, "W": 255, "encode": 3.843256950378418}, "./files/shakespeare/cymbeline.txt": {"encoded (bits)": 1166234, "L": 255, "decode": 8.557099103927612, "source (bits)": 1400952, "W": 255, "encode": 7.235892057418823}, "./files/shakespeare/allswell.txt": {"encoded (bits)": 935847, "L": 255, "decode": 6.9920899868011475, "source (bits)": 1151752, "W": 255, "encode": 5.716670036315918}, "./files/shakespeare/asyoulikeit.txt": {"encoded (bits)": 844799, "L": 255, "decode": 6.149800062179565, "source (bits)": 1065568, "W": 255, "encode": 5.307833909988403}}