{"./files/numbers/pi.txt": {"encoded (bits)": 627510, "L": 255, "decode": 3.599168062210083, "source (bits)": 800008, "W": 65535, "encode": 19.904442071914673}}