{"./files/numbers/pi.txt": {"encoded (bits)": 753771, "L": 4095, "decode": 4.265596866607666, "source (bits)": 800008, "W": 4095, "encode": 5.612696886062622}}