{"./files/shakespeare/cleopatra.txt": {"encoded (bits)": 789005, "L": 4095, "decode": 4.135252952575684, "source (bits)": 1342080, "W": 65535, "encode": 34.167948961257935}, "./files/shakespeare/comedy_errors.txt": {"encoded (bits)": 442757, "L": 4095, "decode": 2.339846134185791, "source (bits)": 765336, "W": 65535, "encode": 16.874644994735718}, "./files/shakespeare/cymbeline.txt": {"encoded (bits)": 861837, "L": 4095, "decode": 4.500955820083618, "source (bits)": 1400952, "W": 65535, "encode": 35.277934074401855}, "./files/shakespeare/allswell.txt": {"encoded (bits)": 698287, "L": 4095, "decode": 3.665302038192749, "source (bits)": 1151752, "W": 65535, "encode": 28.82059597969055}, "./files/shakespeare/asyoulikeit.txt": {"encoded (bits)": 640558, "L": 4095, "decode": 2.982977867126465, "source (bits)": 1065568, "W": 65535, "encode": 23.792529106140137}}