{"./files/shakespeare/cleopatra.txt": {"encoded (bits)": 866881, "L": 65535, "decode": 4.20215106010437, "source (bits)": 1342080, "W": 65535, "encode": 38.975780963897705}, "./files/shakespeare/comedy_errors.txt": {"encoded (bits)": 485461, "L": 65535, "decode": 2.403503894805908, "source (bits)": 765336, "W": 65535, "encode": 19.099054098129272}, "./files/shakespeare/cymbeline.txt": {"encoded (bits)": 947433, "L": 65535, "decode": 4.526357889175415, "source (bits)": 1400952, "W": 65535, "encode": 42.31376504898071}, "./files/shakespeare/allswell.txt": {"encoded (bits)": 767351, "L": 65535, "decode": 3.6630101203918457, "source (bits)": 1151752, "W": 65535, "encode": 32.92223381996155}, "./files/shakespeare/asyoulikeit.txt": {"encoded (bits)": 703742, "L": 65535, "decode": 3.378814935684204, "source (bits)": 1065568, "W": 65535, "encode": 30.25229001045227}}