{"./files/numbers/pi.txt": {"encoded (bits)": 763642, "L": 65535, "decode": 3.563469886779785, "source (bits)": 800008, "W": 65535, "encode": 24.02995014190674}}