{"./files/numbers/pi.txt": {"encoded (bits)": 589742, "L": 63, "decode": 3.2097489833831787, "source (bits)": 800008, "W": 65535, "encode": 18.900032997131348}}