{"./files/numbers/pi.txt": {"encoded (bits)": 707950, "L": 63, "decode": 5.6551618576049805, "source (bits)": 800008, "W": 255, "encode": 4.5927629470825195}}