{"./files/fhir/Abernathy146_Salvatore887_57.json": {"encoded (bits)": 34695, "L": 63, "decode": 0.24538612365722656, "source (bits)": 149912, "W": 65535, "encode": 0.9371020793914795}, "./files/fhir/Abernathy146_Emelina924_49.json": {"encoded (bits)": 228625, "L": 63, "decode": 1.6417739391326904, "source (bits)": 2066856, "W": 65535, "encode": 26.920637130737305}, "./files/fhir/Abernathy146_Phyliss86_67.json": {"encoded (bits)": 151399, "L": 63, "decode": 1.0595290660858154, "source (bits)": 1216408, "W": 65535, "encode": 20.975921869277954}, "./files/fhir/Abernathy146_Tuyet290_28.json": {"encoded (bits)": 209924, "L": 63, "decode": 1.5666131973266602, "source (bits)": 1951032, "W": 65535, "encode": 25.588336944580078}, "./files/fhir/Abbott701_Veronika555_74.json": {"encoded (bits)": 362454, "L": 63, "decode": 2.7142081260681152, "source (bits)": 3435600, "W": 65535, "encode": 49.92536902427673}, "./files/fhir/Abbott701_Victor476_24.json": {"encoded (bits)": 212825, "L": 63, "decode": 1.5213310718536377, "source (bits)": 2006008, "W": 65535, "encode": 25.295572996139526}, "./files/fhir/Abshire734_Alfred968_16.json": {"encoded (bits)": 169310, "L": 63, "decode": 1.219985008239746, "source (bits)": 1582744, "W": 65535, "encode": 20.166359901428223}, "./files/fhir/Abshire734_Jeane242_58.json": {"encoded (bits)": 65008, "L": 63, "decode": 0.44043588638305664, "source (bits)": 426416, "W": 65535, "encode": 3.871493101119995}, "./files/fhir/Abernathy146_Oswaldo977_60.json": {"encoded (bits)": 353643, "L": 63, "decode": 2.5515599250793457, "source (bits)": 3408088, "W": 65535, "encode": 47.02081918716431}, "./files/fhir/Abbott701_Norman373_77.json": {"encoded (bits)": 61837, "L": 63, "decode": 0.41805195808410645, "source (bits)": 407184, "W": 65535, "encode": 3.298672914505005}}