{"./files/fhir/Abernathy146_Salvatore887_57.json": {"encoded (bits)": 75396, "L": 255, "decode": 0.5219221115112305, "source (bits)": 149912, "W": 255, "encode": 0.6051599979400635}, "./files/fhir/Abernathy146_Emelina924_49.json": {"encoded (bits)": 1032720, "L": 255, "decode": 7.181607961654663, "source (bits)": 2066856, "W": 255, "encode": 7.1540539264678955}, "./files/fhir/Abernathy146_Phyliss86_67.json": {"encoded (bits)": 605967, "L": 255, "decode": 4.191497802734375, "source (bits)": 1216408, "W": 255, "encode": 4.2360498905181885}, "./files/fhir/Abernathy146_Tuyet290_28.json": {"encoded (bits)": 956859, "L": 255, "decode": 6.718796968460083, "source (bits)": 1951032, "W": 255, "encode": 6.678772926330566}, "./files/fhir/Abbott701_Veronika555_74.json": {"encoded (bits)": 1723097, "L": 255, "decode": 11.902314901351929, "source (bits)": 3435600, "W": 255, "encode": 12.04927682876587}, "./files/fhir/Abbott701_Victor476_24.json": {"encoded (bits)": 985689, "L": 255, "decode": 6.8473219871521, "source (bits)": 2006008, "W": 255, "encode": 6.926465034484863}, "./files/fhir/Abshire734_Alfred968_16.json": {"encoded (bits)": 777045, "L": 255, "decode": 5.390175819396973, "source (bits)": 1582744, "W": 255, "encode": 5.471374034881592}, "./files/fhir/Abshire734_Jeane242_58.json": {"encoded (bits)": 211396, "L": 255, "decode": 1.457056999206543, "source (bits)": 426416, "W": 255, "encode": 1.4866721630096436}, "./files/fhir/Abernathy146_Oswaldo977_60.json": {"encoded (bits)": 1713031, "L": 255, "decode": 11.777819871902466, "source (bits)": 3408088, "W": 255, "encode": 11.951987028121948}, "./files/fhir/Abbott701_Norman373_77.json": {"encoded (bits)": 197815, "L": 255, "decode": 1.3696691989898682, "source (bits)": 407184, "W": 255, "encode": 1.3866679668426514}}