{"./files/numbers/pi.txt": {"encoded (bits)": 692786, "L": 4095, "decode": 3.5521228313446045, "source (bits)": 800008, "W": 65535, "encode": 20.65728497505188}}